{
  "urls": [
    "soundsprite.ogg",
    "soundsprite.m4a",
    "soundsprite.mp3",
    "soundsprite.ac3"
  ],
  "sprite": {
    "boost_activate": [
      0,
      446.0317460317461
    ],
    "boost_cb_changing_color": [
      2000,
      966.530612244898
    ],
    "boost_cb_panel_open": [
      4000,
      365.71428571428567
    ],
    "boost_remove_doll": [
      6000,
      2165.6689342403633
    ],
    "boost_size_up_doll": [
      10000,
      2908.3900226757373
    ],
    "button_press": [
      14000,
      150.5668934240365
    ],
    "button_rollover": [
      16000,
      138.14058956916142
    ],
    "doll_big_complete": [
      18000,
      4167.981859410432
    ],
    "doll_close": [
      24000,
      451.3378684807243
    ],
    "doll_drop": [
      26000,
      229.16099773242493
    ],
    "doll_level_up_1": [
      28000,
      2381.4965986394545
    ],
    "doll_level_up_2": [
      32000,
      1933.0612244897977
    ],
    "doll_open": [
      35000,
      227.84580498866092
    ],
    "doll_overmatch": [
      37000,
      1539.999999999999
    ],
    "doll_pick": [
      40000,
      288.0725623582734
    ],
    "doll_spin_out": [
      42000,
      3163.718820861675
    ],
    "doll_tile_power_up": [
      47000,
      2472.494331065761
    ],
    "help_panel_close": [
      51000,
      884.285714285717
    ],
    "help_panel_open": [
      53000,
      1127.732426303858
    ],
    "ingame_music": [
      56000,
      59006.89342403628
    ],
    "item_timer": [
      117000,
      1154.058956916103
    ],
    "level bar ": [
      120000,
      3657.120181405901
    ],
    "level_up": [
      125000,
      3657.120181405901
    ],
    "level_up_with_cutecheer": [
      130000,
      3905.306122448991
    ],
    "moves_dec": [
      135000,
      723.3333333333292
    ],
    "moves_inc": [
      137000,
      1307.9138321995458
    ],
    "nine_moves_left": [
      140000,
      683.6961451247134
    ],
    "no_more_moves_panel_close": [
      142000,
      884.2857142857099
    ],
    "no_more_moves_panel_open": [
      144000,
      1050.340136054416
    ],
    "option_panel_close": [
      147000,
      884.2857142857099
    ],
    "option_panel_open": [
      149000,
      1050.340136054416
    ],
    "out_of_moves_placard": [
      152000,
      4203.492063492064
    ],
    "play_button_click": [
      158000,
      5198.367346938767
    ],
    "quit_panel_close": [
      165000,
      884.2857142857099
    ],
    "quit_panel_open": [
      167000,
      1050.340136054416
    ],
    "soundsprite": [
      170000,
      250000
    ],
    "stars_animation": [
      421000,
      2554.1950113378675
    ],
    "talkbubble_popup": [
      425000,
      608.163265306132
    ],
    "titlescreen_music": [
      427000,
      30720.00000000003,
      true
    ],
    "doll_cheer_1": [
      459000,
      1855.8956916099874
    ],
    "doll_cheer_2": [
      462000,
      1751.0430839002424
    ],
    "doll_cheer_3": [
      465000,
      1795.895691609985
    ],
    "doll_cheer_4": [
      468000,
      1615.1927437641689
    ],
    "doll_voice_1": [
      471000,
      929.7278911564604
    ],
    "doll_voice_10": [
      473000,
      1056.4852607709554
    ],
    "doll_voice_2": [
      476000,
      1006.2358276643977
    ],
    "doll_voice_3": [
      479000,
      1088.3673469387531
    ],
    "doll_voice_4": [
      482000,
      691.1111111111268
    ],
    "doll_voice_5": [
      484000,
      472.7210884353781
    ],
    "doll_voice_6": [
      486000,
      796.5079365079646
    ],
    "doll_voice_7": [
      488000,
      703.6281179138086
    ],
    "doll_voice_8": [
      490000,
      1045.442176870722
    ],
    "doll_voice_9": [
      493000,
      1317.5283446711887
    ],
    "doll_voice_uh_uh": [
      496000,
      768.0045351473836
    ],
    "Trizzle_titlecheer": [
      498000,
      1959.183673469397
    ]
  }
}